subject,body,sender,label
"Atualize sua senha imediatamente,""Caro usuário, sua conta está em risco. Atualize sua senha clicando no link abaixo."",security@bank.com,1"
Relatório semanal de vendas,Segue anexo o relatório semanal de vendas para sua análise.,sales@company.com,0
Oferta especial para você!,Aproveite esta oferta especial por tempo limitado! Não perca!,promo@shopping.com,1
Confirmação de compra,Obrigado pela sua compra. O seu pedido será enviado em breve.,orders@store.com,0
"Sua conta foi bloqueada,""Sua conta foi bloqueada por questões de segurança. Por favor, entre em contato."",support@service.com,1"
Reunião agendada para segunda-feira,Lembrete: nossa reunião está agendada para segunda-feira às 10h.,hr@company.com,0
Parabéns, você ganhou um prêmio!,Você foi selecionado para receber um prêmio exclusivo! Clique para resgatar.,prizes@contest.com,1
Atualização importante da política de privacidade,Estamos atualizando nossa política de privacidade. Veja os detalhes.,privacy@company.com,0
Solicitação de reembolso,Recebemos sua solicitação de reembolso. O valor será creditado em breve.,support@store.com,0
Convite para evento exclusivo,Você está convidado para um evento exclusivo. Confirme sua presença.,events@company.com,0
